{"train_losses": [2.245222682952881, 1.615325427055359, 1.3669567918777465, 1.2581692218780518, 1.1577498531341552, 1.095533151626587, 1.0378647875785827, 0.9875754380226135, 0.9351820611953735, 0.9522037291526795, 0.8816869187355042, 0.8400902104377747, 0.8350181150436401, 0.7765211915969848, 0.761440863609314, 0.7202438092231751, 0.7243352437019348, 0.6801907229423523, 0.700356240272522, 0.6389111328125, 0.6209811568260193, 0.6382864618301392, 0.5966742849349975, 0.58161874294281, 0.573478845357895, 0.5417797029018402, 0.5237856578826904, 0.5775810313224793, 0.5263634157180787, 0.5184772098064423, 0.5146476590633392, 0.46287935972213745, 0.43327305555343626, 0.43282779097557067, 0.4461958360671997, 0.4294885337352753, 0.4323161339759827, 0.4102207911014557, 0.4069578313827515, 0.37242682218551637, 0.34035194277763364, 0.33001232147216797, 0.32956363320350646, 0.31866278648376467, 0.3200826823711395, 0.31897962927818296, 0.31465816259384155, 0.31466904282569885, 0.3116498267650604, 0.3087240207195282, 0.31072510600090025, 0.3076495242118835, 0.30382478594779966, 0.30993709325790403, 0.29988045573234556, 0.30220158576965334, 0.2958877444267273, 0.2991675817966461, 0.2956975507736206, 0.2989906418323517, 0.29664957642555234, 0.2948385727405548, 0.29210110545158385, 0.29019959926605227, 0.291191725730896, 0.2896790099143982, 0.28697693705558774, 0.29213263392448424, 0.2862390196323395, 0.2889638429880142, 0.28747489988803865, 0.28201149582862856, 0.28255236625671387, 0.28100078403949735, 0.28402271747589114, 0.28185444116592406, 0.2806556850671768, 0.2758066803216934, 0.2757879263162613, 0.2742996847629547, 0.2755960756540298, 0.2714462316036224, 0.2720441102981567, 0.2714353770017624, 0.27021771609783174, 0.27454601049423216, 0.2694013428688049, 0.27204444468021394, 0.2762352955341339, 0.2716808396577835, 0.274285723567009, 0.2677251297235489, 0.2753769344091415, 0.2717431092262268, 0.2738958078622818, 0.2751817977428436, 0.27079935669898986, 0.27523887634277344, 0.27091138541698456, 0.26959421038627623], "train_IoU": [0.07969910651445389, 0.18970489501953125, 0.22101949155330658, 0.24642761051654816, 0.2639903724193573, 0.27479222416877747, 0.2932763695716858, 0.30052095651626587, 0.31767937541007996, 0.3097415566444397, 0.3268188536167145, 0.34039053320884705, 0.3384712040424347, 0.35498717427253723, 0.3641921579837799, 0.3775610625743866, 0.3739420473575592, 0.3859019875526428, 0.3821581304073334, 0.4026853144168854, 0.4037330448627472, 0.4047431945800781, 0.4147946536540985, 0.4237529933452606, 0.4325735569000244, 0.4442112147808075, 0.4524255096912384, 0.4478129744529724, 0.4757411777973175, 0.47100597620010376, 0.4830337166786194, 0.5060253739356995, 0.526654839515686, 0.5273534655570984, 0.5168451070785522, 0.5320869088172913, 0.5261544585227966, 0.5387904644012451, 0.5434747934341431, 0.557457447052002, 0.588394820690155, 0.591358482837677, 0.5946208834648132, 0.6039432287216187, 0.600753128528595, 0.5991708040237427, 0.6030744910240173, 0.6029240489006042, 0.6068499684333801, 0.6030405759811401, 0.613293468952179, 0.6040635704994202, 0.6129246950149536, 0.6082068681716919, 0.618169367313385, 0.6123340725898743, 0.6174371838569641, 0.6137708425521851, 0.6223692893981934, 0.6201403737068176, 0.6188027262687683, 0.6215011477470398, 0.6261603236198425, 0.6251487731933594, 0.6123247146606445, 0.6235884428024292, 0.6278778314590454, 0.6192106008529663, 0.627436637878418, 0.6257444620132446, 0.6276796460151672, 0.635330319404602, 0.6292057633399963, 0.630804181098938, 0.6222882270812988, 0.6296548843383789, 0.6374172568321228, 0.6343221068382263, 0.6334120631217957, 0.6364045739173889, 0.6347924470901489, 0.642700731754303, 0.6426596641540527, 0.6431885957717896, 0.6378827691078186, 0.6411331295967102, 0.6404937505722046, 0.6422849297523499, 0.6370345950126648, 0.641871988773346, 0.6426998972892761, 0.6435729265213013, 0.6396000981330872, 0.6413542628288269, 0.6405184864997864, 0.6367867588996887, 0.6411231160163879, 0.639496386051178, 0.647371232509613, 0.643913209438324], "val_losses": [2.4133324027061462, 1.777646154165268, 1.4711338579654694, 1.3769767582416534, 1.387511283159256, 1.1485940515995026, 1.0795862972736359, 1.0630879253149033, 1.0527565777301788, 1.0581710636615753, 0.9069025963544846, 0.9264970570802689, 0.9923610091209412, 0.960822194814682, 0.8942364454269409, 0.9199063032865524, 0.8773648738861084, 0.7845652550458908, 0.8910273611545563, 0.7045678943395615, 0.7725923359394073, 0.8358350694179535, 0.82401242852211, 0.7524881213903427, 0.8415203839540482, 0.638174295425415, 1.6630572378635406, 0.7020566612482071, 0.7151342481374741, 1.0803143829107285, 0.6947834342718124, 0.5962453782558441, 0.6985854730010033, 0.6321977972984314, 0.6678370833396912, 0.6804473251104355, 0.6205472722649574, 0.756987951695919, 0.6041693016886711, 0.6604271531105042, 0.6411677673459053, 0.589997872710228, 0.5973738953471184, 0.5918735787272453, 0.6284855008125305, 0.609775722026825, 0.6232442408800125, 0.5951113328337669, 0.5909553244709969, 0.6130830496549606, 0.6388623043894768, 0.6133843958377838, 0.6210729330778122, 0.6072097942233086, 0.6255103424191475, 0.6347864419221878, 0.6173179894685745, 0.6082967221736908, 0.6348547413945198, 0.6530145406723022, 0.6451300904154778, 0.6350617110729218, 0.6503901705145836, 0.6282415091991425, 0.6499210074543953, 0.6626892760396004, 0.6451980844140053, 0.6728936284780502, 0.649704821407795, 0.6557220593094826, 0.6523631438612938, 0.6744972541928291, 0.7037159129977226, 0.6835523620247841, 0.6530771628022194, 0.69794050604105, 0.6475150436162949, 0.6795347854495049, 0.6800864264369011, 0.6969682723283768, 0.6804536655545235, 0.6815662309527397, 0.6756032928824425, 0.6799357235431671, 0.6738656237721443, 0.6781499907374382, 0.6623032465577126, 0.6682290583848953, 0.6705538183450699, 0.6616017445921898, 0.6745610535144806, 0.6652660369873047, 0.662918359041214, 0.6795207485556602, 0.672802284359932, 0.6645762845873833, 0.6685212627053261, 0.6752894893288612, 0.6655755937099457, 0.6707993447780609],